First Name,Last Name,,,,,,,,
Mechelle,Stoneman, ,,,,,,, 
Tyesha,Freitag, ,,,,,,, 
Dean,Stoecker, ,,,,,,, 
Annelle,Pickney, ,,,,,,, 
Margareta,Tacy, ,,,,,,, 
Meghann,Placencia, ,,,,,,, 
Kendrick,Cieslak, ,,,,,,, 
Polly,Isenberg, ,,,,,,, 
Evelyne,Racicot, ,,,,,,, 
Augustus,Delaune, ,,,,,,, 
Shawanda,Client, ,,,,,,, 
Loura,Coffield, ,,,,,,, 
Lorriane,Machin, ,,,,,,, 
Lacey,Osier, ,,,,,,, 
Nicki,Malchow, ,,,,,,, 
Sidney,Bodiford, ,,,,,,, 
Barbie,Cun, ,,,,,,, 
Elden,Hanshaw, ,,,,,,, 
Blossom,Loggins, ,,,,,,, 
Joseph,Dennie, ,,,,,,, 
Pattie,Markley, ,,,,,,, 
Genevieve,Spahn, ,,,,,,, 
Luciano,Jaworski, ,,,,,,, 
Noe,Mahler, ,,,,,,, 
Karri,Bransford, ,,,,,,, 
Larae,Bonney, ,,,,,,, 
Sharita,Fierros, ,,,,,,, 
Frederica,Perla, ,,,,,,, 
Mara,Elder, ,,,,,,, 
Enola,Volz, ,,,,,,, 
,, ,,,,,,, 
,, ,,,,,,, 
,, ,,,,,,, 
,, ,,,,,,, 
,, ,,,,,,, 
,, ,,,,,,, 
,, ,,,,,,, 
,, ,,,,,,, 
,, ,,,,,,, 
,, ,,,,,,, 
,, ,,,,,,, 
,, ,,,,,,, 
,, ,,,,,,, 
,, ,,,,,,, 
,, ,,,,,,, 
,, ,,,,,,, 
,, ,,,,,,, 
,, ,,,,,,, 
,, ,,,,,,, 
,, ,,,,,,, 
,, ,,,,,,,
,, ,,,,,,,
,, ,,,,,,,
,, ,,,,,,,
,, ,,,,,,,
,, ,,,,,,,
,, ,,,,,,,
,, ,,,,,,,
,, ,,,,,,,
,, ,,,,,,,
,, ,,,,,,,
,, ,,,,,,,
,, ,,,,,,,
,, ,,,,,,,
,, ,,,,,,,
,, ,,,,,,,
,, ,,,,,,,
,, ,,,,,,,
,, ,,,,,,,
,, ,,,,,,,
,, ,,,,,,,
,, ,,,,,,,
,, ,,,,,,,
,, ,,,,,,,
,, ,,,,,,,
,, ,,,,,,,
,, ,,,,,,,
,, ,,,,,,,
,, ,,,,,,,
,, ,,,,,,,
,, ,,,,,,,
,, ,,,,,,,
,, ,,,,,,,
,, ,,,,,,,
,, ,,,,,,,
,, ,,,,,,,
,, ,,,,,,,
,, ,,,,,,,
,, ,,,,,,,
,, ,,,,,,,
,, ,,,,,,,
,, ,,,,,,,
,, ,,,,,,,
,, ,,,,,,,
,, ,,,,,,,
,, ,,,,,,,
,, ,,,,,,,
,, ,,,,,,,
,, ,,,,,,,
,, ,,,,,,,
,, ,,,,,,,
,, ,,,,,,,
,, ,,,,,,,
,, ,,,,,,,
,, ,,,,,,,
,, ,,,,,,,
,, ,,,,,,,
,, ,,,,,,,
,, ,,,,,,,
,, ,,,,,,,
,, ,,,,,,,
,, ,,,,,,,
,, ,,,,,,,
,, ,,,,,,,
,, ,,,,,,,
,, ,,,,,,,
,, ,,,,,,,
,, ,,,,,,,
,, ,,,,,,,
,, ,,,,,,,
,, ,,,,,,,
,, ,,,,,,,
,, ,,,,,,,
,, ,,,,,,,
,, ,,,,,,,
,, ,,,,,,,
,, ,,,,,,,
,, ,,,,,,,
,, ,,,,,,,
,, ,,,,,,,
,, ,,,,,,,
,, ,,,,,,,
,, ,,,,,,,
,, ,,,,,,,
,, ,,,,,,,
,, ,,,,,,,
,, ,,,,,,,
,, ,,,,,,,
,, ,,,,,,,
,, ,,,,,,,
,, ,,,,,,,
,, ,,,,,,,
,, ,,,,,,,
,, ,,,,,,,
,, ,,,,,,,
,, ,,,,,,,
,, ,,,,,,,
,, ,,,,,,,
,, ,,,,,,,
,, ,,,,,,,
,, ,,,,,,,
,, ,,,,,,,
,, ,,,,,,,
,, ,,,,,,,
,, ,,,,,,,
,, ,,,,,,,
,, ,,,,,,,
,, ,,,,,,,
,, ,,,,,,,
,, ,,,,,,,
,, ,,,,,,,
,, ,,,,,,,
,, ,,,,,,,
,, ,,,,,,,
,, ,,,,,,,
,, ,,,,,,,
,, ,,,,,,,
,, ,,,,,,,
,, ,,,,,,,
,, ,,,,,,,
,, ,,,,,,,
,, ,,,,,,,
,, ,,,,,,,
,, ,,,,,,,
,, ,,,,,,,
,, ,,,,,,,
,, ,,,,,,,
,, ,,,,,,,
,, ,,,,,,,
,, ,,,,,,,
,, ,,,,,,,
,, ,,,,,,,
,, ,,,,,,,
,, ,,,,,,,
,, ,,,,,,,
,, ,,,,,,,
,, ,,,,,,,
,, ,,,,,,,
,, ,,,,,,,
,, ,,,,,,,
,, ,,,,,,,
,, ,,,,,,,
,, ,,,,,,,
,, ,,,,,,,
,, ,,,,,,,
,, ,,,,,,,
,, ,,,,,,,
,, ,,,,,,,
,, ,,,,,,,
,, ,,,,,,,
,, ,,,,,,,
,, ,,,,,,,
,, ,,,,,,,
,, ,,,,,,,
,, ,,,,,,,
,, ,,,,,,,
,, ,,,,,,,
,, ,,,,,,,
,, ,,,,,,,
,, ,,,,,,,
,, ,,,,,,,
,, ,,,,,,,
,, ,,,,,,,
,, ,,,,,,,
,, ,,,,,,,
,, ,,,,,,,
,, ,,,,,,,
,, ,,,,,,,
,, ,,,,,,,
,, ,,,,,,,
,, ,,,,,,,
,, ,,,,,,,
,, ,,,,,,,
,, ,,,,,,,
,, ,,,,,,,
,, ,,,,,,,
,, ,,,,,,,
,, ,,,,,,,
,, ,,,,,,,
,, ,,,,,,,
,, ,,,,,,,
,, ,,,,,,,
,, ,,,,,,,
,, ,,,,,,,
,, ,,,,,,,
,, ,,,,,,,
,, ,,,,,,,
,, ,,,,,,,
,, ,,,,,,,
,, ,,,,,,,
,, ,,,,,,,
,, ,,,,,,,
,, ,,,,,,,
,, ,,,,,,,
,, ,,,,,,,
,, ,,,,,,,
,, ,,,,,,,
,, ,,,,,,,
,, ,,,,,,,
,, ,,,,,,,
,, ,,,,,,,
,, ,,,,,,,
,, ,,,,,,,
,, ,,,,,,,
,, ,,,,,,,
,, ,,,,,,,
,, ,,,,,,,
,, ,,,,,,,
,, ,,,,,,,
,, ,,,,,,,
,, ,,,,,,,
,, ,,,,,,,
,, ,,,,,,,
,, ,,,,,,,
,, ,,,,,,,
,, ,,,,,,,
,, ,,,,,,,
,, ,,,,,,,
,, ,,,,,,,
,, ,,,,,,,
,, ,,,,,,,
,, ,,,,,,,
,, ,,,,,,,
,, ,,,,,,,
,, ,,,,,,,
,, ,,,,,,,
,, ,,,,,,,
,, ,,,,,,,
,, ,,,,,,,
,, ,,,,,,,
,, ,,,,,,,
,, ,,,,,,,
,, ,,,,,,,
,, ,,,,,,,
,, ,,,,,,,
,, ,,,,,,,
,, ,,,,,,,
,, ,,,,,,,
,, ,,,,,,,
,, ,,,,,,,
,, ,,,,,,,
,, ,,,,,,,
,, ,,,,,,,
,, ,,,,,,,
,, ,,,,,,,
,, ,,,,,,,
,, ,,,,,,,
,, ,,,,,,,
,, ,,,,,,,
,, ,,,,,,,
,, ,,,,,,,
,, ,,,,,,,
,, ,,,,,,,
,, ,,,,,,,
,, ,,,,,,,
,, ,,,,,,,
,, ,,,,,,,
,, ,,,,,,,
,, ,,,,,,,
,, ,,,,,,,
,, ,,,,,,,
,, ,,,,,,,
,, ,,,,,,,
,, ,,,,,,,
,, ,,,,,,,
,, ,,,,,,,
,, ,,,,,,,
,, ,,,,,,,
,, ,,,,,,,
,, ,,,,,,,
,, ,,,,,,,
,, ,,,,,,,
,, ,,,,,,,
,, ,,,,,,,
,, ,,,,,,,
,, ,,,,,,,
,, ,,,,,,,
,, ,,,,,,,
,, ,,,,,,,
,, ,,,,,,,
,, ,,,,,,,
,, ,,,,,,,
,, ,,,,,,,
,, ,,,,,,,
,, ,,,,,,,
,, ,,,,,,,
,, ,,,,,,,
,, ,,,,,,,
,, ,,,,,,,
,, ,,,,,,,
,, ,,,,,,,
,, ,,,,,,,
,, ,,,,,,,
,, ,,,,,,,
,, ,,,,,,,
,, ,,,,,,,
,, ,,,,,,,
,, ,,,,,,,
,, ,,,,,,,
,, ,,,,,,,
,, ,,,,,,,
,, ,,,,,,,
,, ,,,,,,,
,, ,,,,,,,
,, ,,,,,,,
,, ,,,,,,,
,, ,,,,,,,
,, ,,,,,,,
,, ,,,,,,,
,, ,,,,,,,
,, ,,,,,,,
,, ,,,,,,,
,, ,,,,,,,
,, ,,,,,,,
,, ,,,,,,,
,, ,,,,,,,
,, ,,,,,,,
,, ,,,,,,,
,, ,,,,,,,
,, ,,,,,,,
,, ,,,,,,,
,, ,,,,,,,
,, ,,,,,,,
,, ,,,,,,,
,, ,,,,,,,
,, ,,,,,,,
,, ,,,,,,,
,, ,,,,,,,
,, ,,,,,,,
,, ,,,,,,,
,, ,,,,,,,
,, ,,,,,,,
,, ,,,,,,,
,, ,,,,,,,
,, ,,,,,,,
,, ,,,,,,,
,, ,,,,,,,
,, ,,,,,,,
,, ,,,,,,,
,, ,,,,,,,
,, ,,,,,,,
,, ,,,,,,,
,, ,,,,,,,
,, ,,,,,,,
,, ,,,,,,,
,, ,,,,,,,
,, ,,,,,,,
,, ,,,,,,,
,, ,,,,,,,
,, ,,,,,,,
,, ,,,,,,,
,, ,,,,,,,
,, ,,,,,,,
,, ,,,,,,,
,, ,,,,,,,
,, ,,,,,,,
,, ,,,,,,,
,, ,,,,,,,
,, ,,,,,,,
,, ,,,,,,,
,, ,,,,,,,
,, ,,,,,,,
,, ,,,,,,,
,, ,,,,,,,
,, ,,,,,,,
,, ,,,,,,,
,, ,,,,,,,
,, ,,,,,,,
,, ,,,,,,,
,, ,,,,,,,
,, ,,,,,,,
,, ,,,,,,,
,, ,,,,,,,
,, ,,,,,,,
,, ,,,,,,,
,, ,,,,,,,
,, ,,,,,,,
,, ,,,,,,,
,, ,,,,,,,
,, ,,,,,,,
,, ,,,,,,,
,, ,,,,,,,
,, ,,,,,,,
,, ,,,,,,,
,, ,,,,,,,
,, ,,,,,,,
,, ,,,,,,,
,, ,,,,,,,
,, ,,,,,,,
,, ,,,,,,,
,, ,,,,,,,
,, ,,,,,,,
,, ,,,,,,,
,, ,,,,,,,
,, ,,,,,,,
,, ,,,,,,,
,, ,,,,,,,
,, ,,,,,,,
,, ,,,,,,,
,, ,,,,,,,
,, ,,,,,,,
,, ,,,,,,,
,, ,,,,,,,
,, ,,,,,,,
,, ,,,,,,,
,, ,,,,,,,
,, ,,,,,,,
,, ,,,,,,,
,, ,,,,,,,
,, ,,,,,,,
,, ,,,,,,,
,, ,,,,,,,
,, ,,,,,,,
,, ,,,,,,,
,, ,,,,,,,
,, ,,,,,,,
,, ,,,,,,,
,, ,,,,,,,
,, ,,,,,,,
,, ,,,,,,,
,, ,,,,,,,
,, ,,,,,,,
,, ,,,,,,,
,, ,,,,,,,
,, ,,,,,,,
,, ,,,,,,,
,, ,,,,,,,
,, ,,,,,,,
,, ,,,,,,,
,, ,,,,,,,
,, ,,,,,,,
,, ,,,,,,,
,, ,,,,,,,
,, ,,,,,,,
,, ,,,,,,,
,, ,,,,,,,
,, ,,,,,,,
,, ,,,,,,,
,, ,,,,,,,
,, ,,,,,,,
,, ,,,,,,,
,, ,,,,,,,
,, ,,,,,,,
,, ,,,,,,,
,, ,,,,,,,
,, ,,,,,,,
,, ,,,,,,,
,, ,,,,,,,
,, ,,,,,,,
,, ,,,,,,,
,, ,,,,,,,
,, ,,,,,,,
,, ,,,,,,,
,, ,,,,,,,
,, ,,,,,,,
,, ,,,,,,,
,, ,,,,,,,
,, ,,,,,,,
,, ,,,,,,,
,, ,,,,,,,
,, ,,,,,,,
,, ,,,,,,,
,, ,,,,,,,
,, ,,,,,,,
,, ,,,,,,,
,, ,,,,,,,
,, ,,,,,,,
,, ,,,,,,,
,, ,,,,,,,
,, ,,,,,,,
,, ,,,,,,,
,, ,,,,,,,
,, ,,,,,,,
,, ,,,,,,,
,, ,,,,,,,
,, ,,,,,,,
,, ,,,,,,,
,, ,,,,,,,
,, ,,,,,,,
,, ,,,,,,,
,, ,,,,,,,
,, ,,,,,,,
,, ,,,,,,,
,, ,,,,,,,
,, ,,,,,,,
,, ,,,,,,,
,, ,,,,,,,
,, ,,,,,,,
,, ,,,,,,,
,, ,,,,,,,
,, ,,,,,,,
,, ,,,,,,,
,, ,,,,,,,
,, ,,,,,,,
,, ,,,,,,,
,, ,,,,,,,
,, ,,,,,,,
,, ,,,,,,,
,, ,,,,,,,
,, ,,,,,,,
,, ,,,,,,,
,, ,,,,,,,
,, ,,,,,,,
,, ,,,,,,,
,, ,,,,,,,
,, ,,,,,,,
,, ,,,,,,,
,, ,,,,,,,
,, ,,,,,,,
,, ,,,,,,,
,, ,,,,,,,
,, ,,,,,,,
,, ,,,,,,,
,, ,,,,,,,
,, ,,,,,,,
,, ,,,,,,,
,, ,,,,,,,
,, ,,,,,,,
,, ,,,,,,,
,, ,,,,,,,
,, ,,,,,,,
,, ,,,,,,,
,, ,,,,,,,
,, ,,,,,,,
,, ,,,,,,,
,, ,,,,,,,
,, ,,,,,,,
,, ,,,,,,,
,, ,,,,,,,
,, ,,,,,,,
,, ,,,,,,,
,, ,,,,,,,
,, ,,,,,,,
,, ,,,,,,,
,, ,,,,,,,
,, ,,,,,,,
,, ,,,,,,,
,, ,,,,,,,
,, ,,,,,,,
,, ,,,,,,,
,, ,,,,,,,
,, ,,,,,,,
,, ,,,,,,,
,, ,,,,,,,
,, ,,,,,,,
,, ,,,,,,,
,, ,,,,,,,
,, ,,,,,,,
,, ,,,,,,,
,, ,,,,,,,
,, ,,,,,,,
,, ,,,,,,,
,, ,,,,,,,
,, ,,,,,,,
,, ,,,,,,,
,, ,,,,,,,
,, ,,,,,,,
,, ,,,,,,,
,, ,,,,,,,
,, ,,,,,,,
,, ,,,,,,,
,, ,,,,,,,
,, ,,,,,,,
,, ,,,,,,,
,, ,,,,,,,
,, ,,,,,,,
,, ,,,,,,,
,, ,,,,,,,
,, ,,,,,,,
,, ,,,,,,,
,, ,,,,,,,
,, ,,,,,,,
,, ,,,,,,,
,, ,,,,,,,
,, ,,,,,,,
,, ,,,,,,,
,, ,,,,,,,
,, ,,,,,,,
,, ,,,,,,,
,, ,,,,,,,
,, ,,,,,,,
,, ,,,,,,,
,, ,,,,,,,
,, ,,,,,,,
,, ,,,,,,,
,, ,,,,,,,
,, ,,,,,,,
,, ,,,,,,,
,, ,,,,,,,
,, ,,,,,,,
,, ,,,,,,,
,, ,,,,,,,
,, ,,,,,,,
,, ,,,,,,,
,, ,,,,,,,
,, ,,,,,,,
,, ,,,,,,,
,, ,,,,,,,
,, ,,,,,,,
,, ,,,,,,,
,, ,,,,,,,
,, ,,,,,,,
,, ,,,,,,,
,, ,,,,,,,
,, ,,,,,,,
,, ,,,,,,,
,, ,,,,,,,
,, ,,,,,,,
,, ,,,,,,,
,, ,,,,,,,
,, ,,,,,,,
,, ,,,,,,,
,, ,,,,,,,
,, ,,,,,,,
,, ,,,,,,,
,, ,,,,,,,
,, ,,,,,,,
,, ,,,,,,,
,, ,,,,,,,
,, ,,,,,,,
,, ,,,,,,,
,, ,,,,,,,
,, ,,,,,,,
,, ,,,,,,,
,, ,,,,,,,
,, ,,,,,,,
,, ,,,,,,,
,, ,,,,,,,
,, ,,,,,,,
,, ,,,,,,,
,, ,,,,,,,
,, ,,,,,,,
,, ,,,,,,,
,, ,,,,,,,
,, ,,,,,,,
,, ,,,,,,,
,, ,,,,,,,
,, ,,,,,,,
,, ,,,,,,,
,, ,,,,,,,
,, ,,,,,,,
,, ,,,,,,,
,, ,,,,,,,
,, ,,,,,,,
,, ,,,,,,,
,, ,,,,,,,
,, ,,,,,,,
,, ,,,,,,,
,, ,,,,,,,
,, ,,,,,,,
,, ,,,,,,,
,, ,,,,,,,
,, ,,,,,,,
,, ,,,,,,,
,, ,,,,,,,
,, ,,,,,,,
,, ,,,,,,,
,, ,,,,,,,
,, ,,,,,,,
,, ,,,,,,,
,, ,,,,,,,
,, ,,,,,,,
,, ,,,,,,,
,, ,,,,,,,
,, ,,,,,,,
,, ,,,,,,,
,, ,,,,,,,
,, ,,,,,,,
,, ,,,,,,,
,, ,,,,,,,
,, ,,,,,,,
,, ,,,,,,,
,, ,,,,,,,
,, ,,,,,,,
,, ,,,,,,,
,, ,,,,,,,
,, ,,,,,,,
,, ,,,,,,,
,, ,,,,,,,
,, ,,,,,,,
,, ,,,,,,,
,, ,,,,,,,
,, ,,,,,,,
,, ,,,,,,,
,, ,,,,,,,
,, ,,,,,,,
,, ,,,,,,,
,, ,,,,,,,
,, ,,,,,,,
,, ,,,,,,,
,, ,,,,,,,
,, ,,,,,,,
,, ,,,,,,,
,, ,,,,,,,
,, ,,,,,,,
,, ,,,,,,,
,, ,,,,,,,
,, ,,,,,,,
,, ,,,,,,,
,, ,,,,,,,
,, ,,,,,,,
,, ,,,,,,,
,, ,,,,,,,
,, ,,,,,,,
,, ,,,,,,,
,, ,,,,,,,
,, ,,,,,,,
,, ,,,,,,,
,, ,,,,,,,
,, ,,,,,,,
,, ,,,,,,,
,, ,,,,,,,
,, ,,,,,,,
,, ,,,,,,,
,, ,,,,,,,
,, ,,,,,,,
,, ,,,,,,,
,, ,,,,,,,
,, ,,,,,,,
,, ,,,,,,,
,, ,,,,,,,
,, ,,,,,,,
,, ,,,,,,,
,, ,,,,,,,
,, ,,,,,,,
,, ,,,,,,,
,, ,,,,,,,
,, ,,,,,,,
,, ,,,,,,,
,, ,,,,,,,
,, ,,,,,,,
,, ,,,,,,,
,, ,,,,,,,
,, ,,,,,,,
,, ,,,,,,,
,, ,,,,,,,
,, ,,,,,,,
,, ,,,,,,,
,, ,,,,,,,
,, ,,,,,,,
,, ,,,,,,,
,, ,,,,,,,
,, ,,,,,,,
,, ,,,,,,,
,, ,,,,,,,
,, ,,,,,,,
,, ,,,,,,,
,, ,,,,,,,
,, ,,,,,,,
,, ,,,,,,,
,, ,,,,,,,
,, ,,,,,,,
,, ,,,,,,,
,, ,,,,,,,
,, ,,,,,,,
,, ,,,,,,,
,, ,,,,,,,
,, ,,,,,,,
,, ,,,,,,,
,, ,,,,,,,
,, ,,,,,,,
,, ,,,,,,,
,, ,,,,,,,
,, ,,,,,,,
,, ,,,,,,,
,, ,,,,,,,
,, ,,,,,,,
,, ,,,,,,,
,, ,,,,,,,
,, ,,,,,,,
,, ,,,,,,,
,, ,,,,,,,
,, ,,,,,,,
,, ,,,,,,,
,, ,,,,,,,
,, ,,,,,,,
,, ,,,,,,,
,, ,,,,,,,
,, ,,,,,,,
,, ,,,,,,,
,, ,,,,,,,
,, ,,,,,,,
,, ,,,,,,,
,, ,,,,,,,
,, ,,,,,,,
,, ,,,,,,,
,, ,,,,,,,
,, ,,,,,,,
,, ,,,,,,,
,, ,,,,,,,
,, ,,,,,,,
,, ,,,,,,,
,, ,,,,,,,
,, ,,,,,,,
,, ,,,,,,,
,, ,,,,,,,
,, ,,,,,,,
,, ,,,,,,,
,, ,,,,,,,
,, ,,,,,,,
,, ,,,,,,,
,, ,,,,,,,
,, ,,,,,,,
,, ,,,,,,,
,, ,,,,,,,
,, ,,,,,,,
,, ,,,,,,,
,, ,,,,,,,
,, ,,,,,,,
,, ,,,,,,,
,, ,,,,,,,
,, ,,,,,,,
,, ,,,,,,,
,, ,,,,,,,
,, ,,,,,,,
,, ,,,,,,,
,, ,,,,,,,
,, ,,,,,,,
,, ,,,,,,,
,, ,,,,,,,
,, ,,,,,,,
,, ,,,,,,,
,, ,,,,,,,
,, ,,,,,,,
,, ,,,,,,,
,, ,,,,,,,
,, ,,,,,,,
,, ,,,,,,,
,, ,,,,,,,
,, ,,,,,,,
,, ,,,,,,,
,, ,,,,,,,
,, ,,,,,,,
,, ,,,,,,,
,, ,,,,,,,
,, ,,,,,,,
,, ,,,,,,,
,, ,,,,,,,
,, ,,,,,,,
,, ,,,,,,,
,, ,,,,,,,
,, ,,,,,,,
,, ,,,,,,,
,, ,,,,,,,
,, ,,,,,,,
,, ,,,,,,,
,, ,,,,,,,
,, ,,,,,,,
,, ,,,,,,,
,, ,,,,,,,
,, ,,,,,,,
,, ,,,,,,,
,, ,,,,,,,
,, ,,,,,,,
,, ,,,,,,,
,, ,,,,,,,
,, ,,,,,,,
,, ,,,,,,,
,, ,,,,,,,
,, ,,,,,,,
,, ,,,,,,,
,, ,,,,,,,
,, ,,,,,,,
,, ,,,,,,,
,, ,,,,,,,
,, ,,,,,,,
,, ,,,,,,,
,, ,,,,,,,
,, ,,,,,,,
,, ,,,,,,,
,, ,,,,,,,
,, ,,,,,,,
,, ,,,,,,,
,, ,,,,,,,
,, ,,,,,,,
,, ,,,,,,,
,, ,,,,,,,
,, ,,,,,,,
,, ,,,,,,,
,, ,,,,,,,
,, ,,,,,,,
,, ,,,,,,,
,, ,,,,,,,
,, ,,,,,,,
,, ,,,,,,,
,, ,,,,,,,
,, ,,,,,,,
,, ,,,,,,,
,, ,,,,,,,
,, ,,,,,,,
,, ,,,,,,,
,, ,,,,,,,
,, ,,,,,,,
,, ,,,,,,,
,, ,,,,,,,
,, ,,,,,,,
,, ,,,,,,,
,, ,,,,,,,
,, ,,,,,,,
,, ,,,,,,,
,, ,,,,,,,
,, ,,,,,,,
,, ,,,,,,,
,, ,,,,,,,
,, ,,,,,,,
,, ,,,,,,,
,, ,,,,,,,
,, ,,,,,,,
,, ,,,,,,,
,, ,,,,,,,
,, ,,,,,,,
,, ,,,,,,,
,, ,,,,,,,
,, ,,,,,,,
,, ,,,,,,,
,, ,,,,,,,
,, ,,,,,,,
,, ,,,,,,,
,, ,,,,,,,
,, ,,,,,,,
,, ,,,,,,,
,, ,,,,,,,
,, ,,,,,,,
,, ,,,,,,,
,, ,,,,,,,
,, ,,,,,,,
,, ,,,,,,,
,, ,,,,,,,
,, ,,,,,,,
,, ,,,,,,,
,, ,,,,,,,
,, ,,,,,,,
,, ,,,,,,,
,, ,,,,,,,
,, ,,,,,,,
,, ,,,,,,,
,, ,,,,,,,
,, ,,,,,,,
,, ,,,,,,,
,, ,,,,,,,
,, ,,,,,,,
,, ,,,,,,,
,, ,,,,,,,
,, ,,,,,,,
,, ,,,,,,,
,, ,,,,,,,
,, ,,,,,,,
,, ,,,,,,,
,, ,,,,,,,
,, ,,,,,,,
,, ,,,,,,,
,, ,,,,,,,
,, ,,,,,,,
,, ,,,,,,,
,, ,,,,,,,
,, ,,,,,,,
,, ,,,,,,,
,, ,,,,,,,
,, ,,,,,,,
,, ,,,,,,,
,, ,,,,,,,
,, ,,,,,,,
,, ,,,,,,,
,, ,,,,,,,
,, ,,,,,,,
,, ,,,,,,,
,, ,,,,,,,
,, ,,,,,,,
,, ,,,,,,,
,, ,,,,,,,
,, ,,,,,,,
,, ,,,,,,,
,, ,,,,,,,
,, ,,,,,,,
,, ,,,,,,,
,, ,,,,,,,
,, ,,,,,,,
,, ,,,,,,,
,, ,,,,,,,
,, ,,,,,,,
,, ,,,,,,,
,, ,,,,,,,
,, ,,,,,,,
,, ,,,,,,,
,, ,,,,,,,
,, ,,,,,,,
,, ,,,,,,,
,, ,,,,,,,
,, ,,,,,,,
,, ,,,,,,,
,, ,,,,,,,
,, ,,,,,,,
,, ,,,,,,,
,, ,,,,,,,
,, ,,,,,,,
,, ,,,,,,,
,, ,,,,,,,
,, ,,,,,,,
,, ,,,,,,,
,, ,,,,,,,
,, ,,,,,,,
,, ,,,,,,,
,, ,,,,,,,
,, ,,,,,,,
,, ,,,,,,,
,, ,,,,,,,
,, ,,,,,,,
,, ,,,,,,,
,, ,,,,,,,
,, ,,,,,,,
,, ,,,,,,,
,, ,,,,,,,
,, ,,,,,,,
,, ,,,,,,,
,, ,,,,,,,
,, ,,,,,,,
,, ,,,,,,,
,, ,,,,,,,
,, ,,,,,,,
,, ,,,,,,,
,, ,,,,,,,
,, ,,,,,,,
,, ,,,,,,,
,, ,,,,,,,
,, ,,,,,,,
,, ,,,,,,,
,, ,,,,,,,
,, ,,,,,,,
,, ,,,,,,,
,, ,,,,,,,
,, ,,,,,,,
,, ,,,,,,,
,, ,,,,,,,
,, ,,,,,,,
,, ,,,,,,,
,, ,,,,,,,
,, ,,,,,,,
,, ,,,,,,,
,, ,,,,,,,
,, ,,,,,,,
,, ,,,,,,,
,, ,,,,,,,
,, ,,,,,,,
,, ,,,,,,,
,, ,,,,,,,
,, ,,,,,,,
,, ,,,,,,,
,, ,,,,,,,
,, ,,,,,,,
,, ,,,,,,,
,, ,,,,,,,
,, ,,,,,,,
,, ,,,,,,,
,, ,,,,,,,
,, ,,,,,,,
,, ,,,,,,,
,, ,,,,,,,
,, ,,,,,,,
,, ,,,,,,,
,, ,,,,,,,
,, ,,,,,,,
,, ,,,,,,,
,, ,,,,,,,
,, ,,,,,,,
,, ,,,,,,,
,, ,,,,,,,
,, ,,,,,,,
,, ,,,,,,,
,, ,,,,,,,
,, ,,,,,,,
,, ,,,,,,,
,, ,,,,,,,
,, ,,,,,,,
,, ,,,,,,,
,, ,,,,,,,
,, ,,,,,,,
,, ,,,,,,,
,, ,,,,,,,
,, ,,,,,,,
,, ,,,,,,,
,, ,,,,,,,
,, ,,,,,,,
,, ,,,,,,,
,, ,,,,,,,
,, ,,,,,,,
,, ,,,,,,,
,, ,,,,,,,
,, ,,,,,,,
,, ,,,,,,,
,, ,,,,,,,
,, ,,,,,,,
,, ,,,,,,,
,, ,,,,,,,
,, ,,,,,,,
,, ,,,,,,,
,, ,,,,,,,
,, ,,,,,,,
,, ,,,,,,,
,, ,,,,,,,
,, ,,,,,,,
,, ,,,,,,,
,, ,,,,,,,
,, ,,,,,,,
,, ,,,,,,,
,, ,,,,,,,
,, ,,,,,,,
,, ,,,,,,,
,, ,,,,,,,
,, ,,,,,,,
,, ,,,,,,,
,, ,,,,,,,
,, ,,,,,,,
,, ,,,,,,,
,, ,,,,,,,
,, ,,,,,,,
,, ,,,,,,,
,, ,,,,,,,
,, ,,,,,,,
,, ,,,,,,,
,, ,,,,,,,
,, ,,,,,,,
,, ,,,,,,,
,, ,,,,,,,
,, ,,,,,,,
,, ,,,,,,,
,, ,,,,,,,
,, ,,,,,,,
,, ,,,,,,,
,, ,,,,,,,
,, ,,,,,,,
,, ,,,,,,,
,, ,,,,,,,
,, ,,,,,,,
,, ,,,,,,,
,, ,,,,,,,
,, ,,,,,,,
,, ,,,,,,,
,, ,,,,,,,
,, ,,,,,,,
,, ,,,,,,,
,, ,,,,,,,
,, ,,,,,,,
,, ,,,,,,,
,, ,,,,,,,
,, ,,,,,,,
,, ,,,,,,,
,, ,,,,,,,
,, ,,,,,,,
,, ,,,,,,,
,, ,,,,,,,
,, ,,,,,,,
,, ,,,,,,,
,, ,,,,,,,
,, ,,,,,,,
,, ,,,,,,,
,, ,,,,,,,
,, ,,,,,,,
,, ,,,,,,,
,, ,,,,,,,
,, ,,,,,,,
,, ,,,,,,,
,, ,,,,,,,
,, ,,,,,,,
,, ,,,,,,,
,, ,,,,,,,
,, ,,,,,,,
,, ,,,,,,,
,, ,,,,,,,
,, ,,,,,,,
,, ,,,,,,,
,, ,,,,,,,
,, ,,,,,,,
,, ,,,,,,,
,, ,,,,,,,
,, ,,,,,,,
,, ,,,,,,,
,, ,,,,,,,
,, ,,,,,,,
,, ,,,,,,,
,, ,,,,,,,
,, ,,,,,,,
,, ,,,,,,,
,, ,,,,,,,
,, ,,,,,,,
,, ,,,,,,,
,, ,,,,,,,
,, ,,,,,,,
,, ,,,,,,,
,, ,,,,,,,
,, ,,,,,,,
,, ,,,,,,,
,, ,,,,,,,
,, ,,,,,,,
,, ,,,,,,,
,, ,,,,,,,
,, ,,,,,,,
,, ,,,,,,,
,, ,,,,,,,
,, ,,,,,,,
,, ,,,,,,,
,, ,,,,,,,
,, ,,,,,,,
,, ,,,,,,,
,, ,,,,,,,
,, ,,,,,,,
,, ,,,,,,,
,, ,,,,,,,
,, ,,,,,,,
,, ,,,,,,,
,, ,,,,,,,
,, ,,,,,,,
,, ,,,,,,,
,, ,,,,,,,
,, ,,,,,,,
,, ,,,,,,,
,, ,,,,,,,
,, ,,,,,,,
,, ,,,,,,,
,, ,,,,,,,
,, ,,,,,,,
,, ,,,,,,,
,, ,,,,,,,
,, ,,,,,,,
,, ,,,,,,,
,, ,,,,,,,
,, ,,,,,,,
,, ,,,,,,,
,, ,,,,,,,
,, ,,,,,,,
,, ,,,,,,,
,, ,,,,,,,
,, ,,,,,,,
,, ,,,,,,,
,, ,,,,,,,
,, ,,,,,,,
,, ,,,,,,,
,, ,,,,,,,
,, ,,,,,,,
,, ,,,,,,,
,, ,,,,,,,
,, ,,,,,,,
,, ,,,,,,,
,, ,,,,,,,
,, ,,,,,,,
,, ,,,,,,,
,, ,,,,,,,
,, ,,,,,,,
,, ,,,,,,,
,, ,,,,,,,
,, ,,,,,,,
,, ,,,,,,,
,, ,,,,,,,
,, ,,,,,,,
,, ,,,,,,,
,, ,,,,,,,
,, ,,,,,,,
,, ,,,,,,,
,, ,,,,,,,
,, ,,,,,,,
,, ,,,,,,,
,, ,,,,,,,
,, ,,,,,,,
,, ,,,,,,,
,, ,,,,,,,
,, ,,,,,,,
,, ,,,,,,,
,, ,,,,,,,
,, ,,,,,,,
,, ,,,,,,,
,, ,,,,,,,
,, ,,,,,,,
,, ,,,,,,,
,, ,,,,,,,
,, ,,,,,,,
,, ,,,,,,,
,, ,,,,,,,
,, ,,,,,,,
,, ,,,,,,,
,, ,,,,,,,
,, ,,,,,,,
,, ,,,,,,,
,, ,,,,,,,
,, ,,,,,,,
,, ,,,,,,,
,, ,,,,,,,
,, ,,,,,,,
,, ,,,,,,,
,, ,,,,,,,
,, ,,,,,,,
,, ,,,,,,,
,, ,,,,,,,
,, ,,,,,,,
,, ,,,,,,,
,, ,,,,,,,
,, ,,,,,,,
,, ,,,,,,,
,, ,,,,,,,
,, ,,,,,,,
,, ,,,,,,,
,, ,,,,,,,
,, ,,,,,,,
,, ,,,,,,,
,, ,,,,,,,
,, ,,,,,,,
,, ,,,,,,,
,, ,,,,,,,
,, ,,,,,,,
,, ,,,,,,,
,, ,,,,,,,
,, ,,,,,,,
,, ,,,,,,,
,, ,,,,,,,
,, ,,,,,,,
,, ,,,,,,,
,, ,,,,,,,
,, ,,,,,,,
,, ,,,,,,,
,, ,,,,,,,
,, ,,,,,,,
,, ,,,,,,,
,, ,,,,,,,
,, ,,,,,,,
,, ,,,,,,,
,, ,,,,,,,
,, ,,,,,,,
,, ,,,,,,,
,, ,,,,,,,
,, ,,,,,,,
,, ,,,,,,,
,, ,,,,,,,
,, ,,,,,,,
,, ,,,,,,,
,, ,,,,,,,
,, ,,,,,,,
,, ,,,,,,,
,, ,,,,,,,
,, ,,,,,,,
,, ,,,,,,,
,, ,,,,,,,
,, ,,,,,,,
,, ,,,,,,,
,, ,,,,,,,
,, ,,,,,,,
,, ,,,,,,,
,, ,,,,,,,
,, ,,,,,,,
,, ,,,,,,,
,, ,,,,,,,
,, ,,,,,,,
,, ,,,,,,,
,, ,,,,,,,
,, ,,,,,,,
,, ,,,,,,,
,, ,,,,,,,
,, ,,,,,,,
,, ,,,,,,,
,, ,,,,,,,
,, ,,,,,,,
,, ,,,,,,,
,, ,,,,,,,
,, ,,,,,,,
,, ,,,,,,,
,, ,,,,,,,
,, ,,,,,,,
,, ,,,,,,,
,, ,,,,,,,
,, ,,,,,,,
,, ,,,,,,,
,, ,,,,,,,
,, ,,,,,,,
,, ,,,,,,,
,, ,,,,,,,
,, ,,,,,,,
,, ,,,,,,,
,, ,,,,,,,
,, ,,,,,,,
,, ,,,,,,,
,, ,,,,,,,
,, ,,,,,,,
,, ,,,,,,,
,, ,,,,,,,
,, ,,,,,,,
,, ,,,,,,,
,, ,,,,,,,
,, ,,,,,,,
,, ,,,,,,,
,, ,,,,,,,
,, ,,,,,,,
,, ,,,,,,,
,, ,,,,,,,
,, ,,,,,,,
,, ,,,,,,,
,, ,,,,,,,
,, ,,,,,,,
,, ,,,,,,,
,, ,,,,,,,
,, ,,,,,,,
,, ,,,,,,,
,, ,,,,,,,
,, ,,,,,,,
,, ,,,,,,,
,, ,,,,,,,
,, ,,,,,,,
,, ,,,,,,,
,, ,,,,,,,
,, ,,,,,,,
,, ,,,,,,,
,, ,,,,,,,
,, ,,,,,,,
,, ,,,,,,,
,, ,,,,,,,
,, ,,,,,,,
,, ,,,,,,,
,, ,,,,,,,
,, ,,,,,,,
,, ,,,,,,,
,, ,,,,,,,
,, ,,,,,,,
,, ,,,,,,,
,, ,,,,,,,
,, ,,,,,,,
,, ,,,,,,,
,, ,,,,,,,
,, ,,,,,,,
,, ,,,,,,,
,, ,,,,,,,
,, ,,,,,,,
,, ,,,,,,,
,, ,,,,,,,
,, ,,,,,,,
,, ,,,,,,,
,, ,,,,,,,
,, ,,,,,,,
,, ,,,,,,,
,, ,,,,,,,
,, ,,,,,,,
,, ,,,,,,,
,, ,,,,,,,
,, ,,,,,,,
,, ,,,,,,,
,, ,,,,,,,
,, ,,,,,,,
,, ,,,,,,,
,, ,,,,,,,
,, ,,,,,,,
,, ,,,,,,,
,, ,,,,,,,
,, ,,,,,,,
,, ,,,,,,,
,, ,,,,,,,
,, ,,,,,,,
,, ,,,,,,,
,, ,,,,,,,
,, ,,,,,,,
,, ,,,,,,,
,, ,,,,,,,
,, ,,,,,,,
,, ,,,,,,,
,, ,,,,,,,
,, ,,,,,,,
,, ,,,,,,,
,, ,,,,,,,
,, ,,,,,,,
,, ,,,,,,,
,, ,,,,,,,
,, ,,,,,,,
,, ,,,,,,,
,, ,,,,,,,
,, ,,,,,,,
,, ,,,,,,,
,, ,,,,,,,
,, ,,,,,,,
,, ,,,,,,,
,, ,,,,,,,
,, ,,,,,,,
,, ,,,,,,,
,, ,,,,,,,
,, ,,,,,,,
,, ,,,,,,,
,, ,,,,,,,
,, ,,,,,,,
,, ,,,,,,,
,, ,,,,,,,
,, ,,,,,,,
,, ,,,,,,,
,, ,,,,,,,
,, ,,,,,,,
,, ,,,,,,,
,, ,,,,,,,
,, ,,,,,,,
,, ,,,,,,,
,, ,,,,,,,
,, ,,,,,,,
,, ,,,,,,,
,, ,,,,,,,
,, ,,,,,,,
,, ,,,,,,,
,, ,,,,,,,
,, ,,,,,,,
,, ,,,,,,,
,, ,,,,,,,
,, ,,,,,,,
,, ,,,,,,,
,, ,,,,,,,
,, ,,,,,,,
,, ,,,,,,,
,, ,,,,,,,
,, ,,,,,,,
,, ,,,,,,,
,, ,,,,,,,
,, ,,,,,,,
,, ,,,,,,,
,, ,,,,,,,
,, ,,,,,,,
,, ,,,,,,,
,, ,,,,,,,
,, ,,,,,,,
,, ,,,,,,,
,, ,,,,,,,
,, ,,,,,,,
,, ,,,,,,,
,, ,,,,,,,
,, ,,,,,,,
,, ,,,,,,,
,, ,,,,,,,
,, ,,,,,,,
,, ,,,,,,,
,, ,,,,,,,
,, ,,,,,,,
,, ,,,,,,,
,, ,,,,,,,
,, ,,,,,,,
,, ,,,,,,,
,, ,,,,,,,
,, ,,,,,,,
,, ,,,,,,,
,, ,,,,,,,
,, ,,,,,,,
,, ,,,,,,,
,, ,,,,,,,
,, ,,,,,,,
,, ,,,,,,,
,, ,,,,,,,
,, ,,,,,,,
,, ,,,,,,,
,, ,,,,,,,
,, ,,,,,,,
,, ,,,,,,,
,, ,,,,,,,
,, ,,,,,,,
,, ,,,,,,,
,, ,,,,,,,
,, ,,,,,,,
,, ,,,,,,,
,, ,,,,,,,
,, ,,,,,,,
,, ,,,,,,,
,, ,,,,,,,
,, ,,,,,,,
,, ,,,,,,,
,, ,,,,,,,
,, ,,,,,,,
,, ,,,,,,,
,, ,,,,,,,
,, ,,,,,,,
,, ,,,,,,,
,, ,,,,,,,
,, ,,,,,,,
,, ,,,,,,,
,, ,,,,,,,
,, ,,,,,,,
,, ,,,,,,,
,, ,,,,,,,
,, ,,,,,,,
,, ,,,,,,,
,, ,,,,,,,
,, ,,,,,,,
,, ,,,,,,,
,, ,,,,,,,
,, ,,,,,,,
,, ,,,,,,,
,, ,,,,,,,
,, ,,,,,,,
,, ,,,,,,,
,, ,,,,,,,
,, ,,,,,,,
,, ,,,,,,,
,, ,,,,,,,
,, ,,,,,,,
,, ,,,,,,,
,, ,,,,,,,
,, ,,,,,,,
,, ,,,,,,,
,, ,,,,,,,
,, ,,,,,,,
,, ,,,,,,,
,, ,,,,,,,
,, ,,,,,,,
,, ,,,,,,,
,, ,,,,,,,
,, ,,,,,,,
,, ,,,,,,,
,, ,,,,,,,
,, ,,,,,,,
,, ,,,,,,,
,, ,,,,,,,
,, ,,,,,,,
,, ,,,,,,,
,, ,,,,,,,
,, ,,,,,,,
,, ,,,,,,,
,, ,,,,,,,
,, ,,,,,,,
,, ,,,,,,,
,, ,,,,,,,
,, ,,,,,,,
,, ,,,,,,,
,, ,,,,,,,
,, ,,,,,,,
,, ,,,,,,,
,, ,,,,,,,
,, ,,,,,,,
,, ,,,,,,,
,, ,,,,,,,
,, ,,,,,,,
,, ,,,,,,,
,, ,,,,,,,
,, ,,,,,,,
,, ,,,,,,,
,, ,,,,,,,
,, ,,,,,,,
,, ,,,,,,,
,, ,,,,,,,
,, ,,,,,,,
,, ,,,,,,,
,, ,,,,,,,
,, ,,,,,,,
,, ,,,,,,,
,, ,,,,,,,
,, ,,,,,,,
,, ,,,,,,,
,, ,,,,,,,
,, ,,,,,,,
,, ,,,,,,,
,, ,,,,,,,
,, ,,,,,,,
,, ,,,,,,,
,, ,,,,,,,
,, ,,,,,,,
,, ,,,,,,,
,, ,,,,,,,
,, ,,,,,,,
,, ,,,,,,,
,, ,,,,,,,
,, ,,,,,,,
,, ,,,,,,,
,, ,,,,,,,
,, ,,,,,,,
,, ,,,,,,,
,, ,,,,,,,
,, ,,,,,,,
,, ,,,,,,,
,, ,,,,,,,
,, ,,,,,,,
,, ,,,,,,,
,, ,,,,,,,
,, ,,,,,,,
,, ,,,,,,,
,, ,,,,,,,
,, ,,,,,,,
,, ,,,,,,,
,, ,,,,,,,
,, ,,,,,,,
,, ,,,,,,,
,, ,,,,,,,
,, ,,,,,,,
,, ,,,,,,,
,, ,,,,,,,
,, ,,,,,,,
,, ,,,,,,,
,, ,,,,,,,
,, ,,,,,,,
,, ,,,,,,,
,, ,,,,,,,
,, ,,,,,,,
,, ,,,,,,,
,, ,,,,,,,
,, ,,,,,,,
,, ,,,,,,,
,, ,,,,,,,
,, ,,,,,,,
,, ,,,,,,,
,, ,,,,,,,
,, ,,,,,,,
,, ,,,,,,,
,, ,,,,,,,
,, ,,,,,,,
,, ,,,,,,,
,, ,,,,,,,
,, ,,,,,,,
,, ,,,,,,,
,, ,,,,,,,
,, ,,,,,,,
,, ,,,,,,,
,, ,,,,,,,
,, ,,,,,,,
,, ,,,,,,,
,, ,,,,,,,
,, ,,,,,,,
,, ,,,,,,,
,, ,,,,,,,
,, ,,,,,,,
,, ,,,,,,,
,, ,,,,,,,
,, ,,,,,,,
,, ,,,,,,,
,, ,,,,,,,
,, ,,,,,,,
,, ,,,,,,,
,, ,,,,,,,
,, ,,,,,,,
,, ,,,,,,,
,, ,,,,,,,
,, ,,,,,,,
,, ,,,,,,,
,, ,,,,,,,
,, ,,,,,,,
,, ,,,,,,,
,, ,,,,,,,
,, ,,,,,,,
,, ,,,,,,,
,, ,,,,,,,
,, ,,,,,,,
,, ,,,,,,,
,, ,,,,,,,
,, ,,,,,,,
,, ,,,,,,,
,, ,,,,,,,
,, ,,,,,,,
,, ,,,,,,,
,, ,,,,,,,
,, ,,,,,,,
,, ,,,,,,,
,, ,,,,,,,
,, ,,,,,,,
,, ,,,,,,,
,, ,,,,,,,
,, ,,,,,,,
,, ,,,,,,,
,, ,,,,,,,
,, ,,,,,,,
,, ,,,,,,,
,, ,,,,,,,
,, ,,,,,,,
,, ,,,,,,,
,, ,,,,,,,
,, ,,,,,,,
,, ,,,,,,,
,, ,,,,,,,
,, ,,,,,,,
,, ,,,,,,,
,, ,,,,,,,
,, ,,,,,,,
,, ,,,,,,,
,, ,,,,,,,
,, ,,,,,,,
,, ,,,,,,,
,, ,,,,,,,
,, ,,,,,,,
,, ,,,,,,,
,, ,,,,,,,
,, ,,,,,,,
,, ,,,,,,,
,, ,,,,,,,
,, ,,,,,,,
,, ,,,,,,,
,, ,,,,,,,
,, ,,,,,,,
,, ,,,,,,,
,, ,,,,,,,
,, ,,,,,,,
,, ,,,,,,,
,, ,,,,,,,
,, ,,,,,,,
,, ,,,,,,,
,, ,,,,,,,
,, ,,,,,,,
,, ,,,,,,,
,, ,,,,,,,
,, ,,,,,,,
,, ,,,,,,,
,, ,,,,,,,
,, ,,,,,,,
,, ,,,,,,,
,, ,,,,,,,
,, ,,,,,,,
,, ,,,,,,,
,, ,,,,,,,
,, ,,,,,,,
,, ,,,,,,,
,, ,,,,,,,
,, ,,,,,,,
,, ,,,,,,,
,, ,,,,,,,
,, ,,,,,,,
,, ,,,,,,,
,, ,,,,,,,
,, ,,,,,,,
,, ,,,,,,,
,, ,,,,,,,
,, ,,,,,,,
,, ,,,,,,,
,, ,,,,,,,
,, ,,,,,,,
,, ,,,,,,,
,, ,,,,,,,
,, ,,,,,,,
,, ,,,,,,,
,, ,,,,,,,
,, ,,,,,,,
,, ,,,,,,,
,, ,,,,,,,
,, ,,,,,,,
,, ,,,,,,,
,, ,,,,,,,
,, ,,,,,,,
,, ,,,,,,,
,, ,,,,,,,
,, ,,,,,,,
,, ,,,,,,,
,, ,,,,,,,
,, ,,,,,,,
,, ,,,,,,,
,, ,,,,,,,
,, ,,,,,,,
,, ,,,,,,,
,, ,,,,,,,
,, ,,,,,,,
,, ,,,,,,,
,, ,,,,,,,
,, ,,,,,,,
,, ,,,,,,,
,, ,,,,,,,
,, ,,,,,,,
,, ,,,,,,,
,, ,,,,,,,
,, ,,,,,,,
,, ,,,,,,,
,, ,,,,,,,
,, ,,,,,,,
,, ,,,,,,,
,, ,,,,,,,
,, ,,,,,,,
,, ,,,,,,,
,, ,,,,,,,
,, ,,,,,,,
,, ,,,,,,,
,, ,,,,,,,
,, ,,,,,,,
,, ,,,,,,,
,, ,,,,,,,
,, ,,,,,,,
,, ,,,,,,,
,, ,,,,,,,
,, ,,,,,,,
,, ,,,,,,,
,, ,,,,,,,
,, ,,,,,,,
,, ,,,,,,,
,, ,,,,,,,
,, ,,,,,,,
,, ,,,,,,,
,, ,,,,,,,
,, ,,,,,,,
,, ,,,,,,,
,, ,,,,,,,
,, ,,,,,,,
,, ,,,,,,,
,, ,,,,,,,
,, ,,,,,,,
,, ,,,,,,,
,, ,,,,,,,
,, ,,,,,,,
,, ,,,,,,,
,, ,,,,,,,
,, ,,,,,,,
,, ,,,,,,,
,, ,,,,,,,
,, ,,,,,,,
,, ,,,,,,,
,, ,,,,,,,
,, ,,,,,,,
,, ,,,,,,,
,, ,,,,,,,
,, ,,,,,,,
,, ,,,,,,,
,, ,,,,,,,
,, ,,,,,,,
,, ,,,,,,,
,, ,,,,,,,
,, ,,,,,,,
,, ,,,,,,,
,, ,,,,,,,
,, ,,,,,,,
,, ,,,,,,,
,, ,,,,,,,
,, ,,,,,,,
,, ,,,,,,,
,, ,,,,,,,
,, ,,,,,,,
,, ,,,,,,,
,, ,,,,,,,
,, ,,,,,,,
,, ,,,,,,,
,, ,,,,,,,
,, ,,,,,,,
,, ,,,,,,,
,, ,,,,,,,
,, ,,,,,,,
,, ,,,,,,,
,, ,,,,,,,
,, ,,,,,,,
,, ,,,,,,,
,, ,,,,,,,
,, ,,,,,,,
,, ,,,,,,,
,, ,,,,,,,
,, ,,,,,,,
,, ,,,,,,,
,, ,,,,,,,
,, ,,,,,,,
,, ,,,,,,,
,, ,,,,,,,
,, ,,,,,,,
,, ,,,,,,,
,, ,,,,,,,
,, ,,,,,,,
,, ,,,,,,,
,, ,,,,,,,
,, ,,,,,,,
,, ,,,,,,,
,, ,,,,,,,
,, ,,,,,,,
,, ,,,,,,,
,, ,,,,,,,
,, ,,,,,,,
,, ,,,,,,,
,, ,,,,,,,
,, ,,,,,,,
,, ,,,,,,,